{
    "1": {
        "1": {
            "valor": {
                "2023-01": 1000.0,
                "2023-02": 1555.6100000000001,
                "2023-03": 1562.77,
                "2023-04": 3049.1099999999997,
                "2023-05": 3055.35,
                "2023-06": 3069.67,
                "2023-07": 3780.06,
                "2023-08": 4574.5599999999995,
                "2023-09": 5228.45,
                "2023-10": 5241.26,
                "2023-11": 4097.18,
                "2023-12": 3369.2300000000005,
                "2024-01": 4753.950000000001,
                "2024-02": 4766.27,
                "2024-03": 6074.34,
                "2024-04": 6094.12,
                "2024-05": 6106.9,
                "2024-06": 7072.6900000000005,
                "2024-07": 7095.89,
                "2024-08": 5987.98,
                "2024-09": 6011.74,
                "2024-10": 6037.48,
                "2024-11": 6065.25,
                "2024-12": 6082.31,
                "2025-01": 6103.43,
                "2025-02": 6124.44
            },
            "rentabilidade": {
                "2023-01": 3.57000000000005,
                "2023-02": 7.1599999999998545,
                "2023-03": 4.720000000000027,
                "2023-04": 6.2400000000002365,
                "2023-05": 14.320000000000164,
                "2023-06": 7.5099999999997635,
                "2023-07": 14.889999999999873,
                "2023-08": 13.350000000000364,
                "2023-09": 12.8100000000004,
                "2023-10": 18.229999999999563,
                "2023-11": 19.590000000000146,
                "2023-12": 8.029999999999745,
                "2024-01": 12.319999999999709,
                "2024-02": 20.25,
                "2024-03": 19.779999999999745,
                "2024-04": 12.779999999999745,
                "2024-05": 20.360000000000582,
                "2024-06": 23.199999999999818,
                "2024-07": 16.109999999999673,
                "2024-08": 23.76000000000022,
                "2024-09": 25.73999999999978,
                "2024-10": 27.770000000000437,
                "2024-11": 17.0600000000004,
                "2024-12": 21.11999999999989,
                "2025-01": 21.00999999999931,
                "2025-02": 0.0
            }
        },
        "2": {
            "valor": {
                "2023-01": 5000.0,
                "2023-02": 5155.72,
                "2023-03": 11399.73,
                "2023-04": 12735.32,
                "2023-05": 12463.25,
                "2023-06": 8069.57,
                "2023-07": 8100.35,
                "2023-08": 8121.83,
                "2023-09": 11597.58,
                "2023-10": 12265.71,
                "2023-11": 12668.800000000001,
                "2023-12": 20295.06,
                "2024-01": 19498.1,
                "2024-02": 14794.33,
                "2024-03": 15119.01,
                "2024-04": 14975.39,
                "2024-05": 17937.57,
                "2024-06": 18880.17,
                "2024-07": 20060.21,
                "2024-08": 20952.14,
                "2024-09": 21826.38,
                "2024-10": 21502.22,
                "2024-11": 20865.61,
                "2024-12": 21823.23,
                "2025-01": 22525.03,
                "2025-02": 26291.13
            },
            "rentabilidade": {
                "2023-01": 155.72000000000025,
                "2023-02": -230.40999999999985,
                "2023-03": 167.45000000000073,
                "2023-04": -272.0699999999997,
                "2023-05": 357.2999999999993,
                "2023-06": 30.780000000000655,
                "2023-07": 21.479999999999563,
                "2023-08": -228.05000000000018,
                "2023-09": 668.1299999999992,
                "2023-10": 815.0800000000017,
                "2023-11": 529.6299999999992,
                "2023-12": -796.9600000000028,
                "2024-01": -793.0999999999985,
                "2024-02": 324.6800000000003,
                "2024-03": -143.6200000000008,
                "2024-04": 89.65999999999985,
                "2024-05": 942.5999999999985,
                "2024-06": 1180.0400000000009,
                "2024-07": 891.9300000000003,
                "2024-08": 874.2400000000016,
                "2024-09": -324.15999999999985,
                "2024-10": -636.6100000000006,
                "2024-11": 957.619999999999,
                "2024-12": 701.7999999999993,
                "2025-01": 681.8100000000013,
                "2025-02": 0.0
            }
        },
        "3": {
            "valor": {
                "2023-01": 30000.0,
                "2023-02": 12400.990000000002,
                "2023-03": 12013.32,
                "2023-04": 11945.51,
                "2023-05": 11623.05,
                "2023-06": 12112.79,
                "2023-07": 11623.43,
                "2023-08": 32188.29,
                "2023-09": 31516.48,
                "2023-10": 32181.15,
                "2023-11": 31353.15,
                "2023-12": 32916.74,
                "2024-01": 33262.88,
                "2024-02": 34412.2,
                "2024-03": 33136.25,
                "2024-04": 33825.76,
                "2024-05": 32566.8,
                "2024-06": 2048.5,
                "2024-07": 40019.43,
                "2024-08": 35677.37,
                "2024-09": 37435.31,
                "2024-10": 22951.74,
                "2024-11": 62873.17999999999,
                "2024-12": 61472.27,
                "2025-01": 63311.64,
                "2025-02": 61478.71
            },
            "rentabilidade": {
                "2023-01": 1199.630000000001,
                "2023-02": -387.6700000000019,
                "2023-03": -67.80999999999949,
                "2023-04": -322.46000000000095,
                "2023-05": 489.7400000000016,
                "2023-06": -489.3600000000006,
                "2023-07": 614.6900000000005,
                "2023-08": -671.8100000000013,
                "2023-09": 664.6700000000019,
                "2023-10": -828.0,
                "2023-11": 1563.5899999999965,
                "2023-12": 346.1399999999994,
                "2024-01": 1149.3199999999997,
                "2024-02": -1275.949999999997,
                "2024-03": 689.510000000002,
                "2024-04": -1258.9600000000028,
                "2024-05": 1898.170000000002,
                "2024-06": -44.34999999999991,
                "2024-07": -1347.8899999999994,
                "2024-08": 1757.939999999995,
                "2024-09": 984.0200000000041,
                "2024-10": -961.4800000000032,
                "2024-11": -1400.9099999999962,
                "2024-12": 1839.3700000000026,
                "2025-01": -1832.9300000000003,
                "2025-02": 0.0
            }
        },
        "4": {
            "valor": {
                "2023-01": 1500.0,
                "2023-02": 1496.52,
                "2023-03": 1514.28,
                "2023-04": 1609.44,
                "2023-05": 1707.35,
                "2023-06": 378.28,
                "2023-07": 361.58,
                "2023-08": 378.06,
                "2023-09": 367.05,
                "2023-10": 1262.24,
                "2023-11": 1331.92,
                "2023-12": 1301.47,
                "2024-01": 1365.25,
                "2024-02": 547.04,
                "2024-03": 524.82,
                "2024-04": 529.09,
                "2024-05": 507.6,
                "2024-06": 2358.92,
                "2024-07": 2423.66,
                "2024-08": 2396.5,
                "2024-09": 2459.94,
                "2024-10": 2554.08,
                "2024-11": 4015.46,
                "2024-12": 3871.38,
                "2025-01": 3697.01,
                "2025-02": 3719.66
            },
            "rentabilidade": {
                "2023-01": -3.480000000000018,
                "2023-02": 17.75999999999999,
                "2023-03": 95.16000000000008,