{
    "1": {
        "1": {
            "valor": {
                "2023-01": 1000.0,
                "2023-02": 1555.6100000000001,
                "2023-03": 1562.77,
                "2023-04": 3049.1099999999997,
                "2023-05": 3055.35,
                "2023-06": 3069.67,
                "2023-07": 3780.06,
                "2023-08": 4574.5599999999995,
                "2023-09": 5228.45,
                "2023-10": 5241.26,
                "2023-11": 4097.18,
                "2023-12": 3369.2300000000005,
                "2024-01": 4753.950000000001,
                "2024-02": 4766.27,
                "2024-03": 6074.34,
                "2024-04": 6094.12,
                "2024-05": 6106.9,
                "2024-06": 7072.6900000000005,
                "2024-07": 7095.89,
                "2024-08": 5987.98,
                "2024-09": 6011.74,
                "2024-10": 6037.48,
                "2024-11": 6065.25,
                "2024-12": 6082.31,
                "2025-01": 6103.43,
                "2025-02": 6124.44
            },
            "rentabilidade": {
                "2023-01": 3.57000000000005,
                "2023-02": 7.1599999999998545,
                "2023-03": 4.720000000000027,
                "2023-04": 6.2400000000002365,
                "2023-05": 14.320000000000164,
                "2023-06": 7.5099999999997635,
                "2023-07": 14.889999999999873,
                "2023-08": 13.350000000000364,
                "2023-09": 12.8100000000004,
                "2023-10": 18.229999999999563,
                "2023-11": 19.590000000000146,
                "2023-12": 8.029999999999745,
                "2024-01": 12.319999999999709,
                "2024-02": 20.25,
                "2024-03": 19.779999999999745,
                "2024-04": 12.779999999999745,
                "2024-05": 20.360000000000582,
                "2024-06": 23.199999999999818,
                "2024-07": 16.109999999999673,
                "2024-08": 23.76000000000022,
                "2024-09": 25.73999999999978,
                "2024-10": 27.770000000000437,
                "2024-11": 17.0600000000004,
                "2024-12": 21.11999999999989,
                "2025-01": 21.00999999999931,
                "2025-02": 0.0
            }
        }
    }
}