{"data_atualizacao": "2025-02-20", "indices": {"IBOVESPA": {"2023-03": -2.9066443029771682, "2023-04": 2.502895506566416, "2023-05": 3.7373601961084635, "2023-06": 9.001707666035896, "2023-07": 3.2653890775445227, "2023-08": -5.085162739968673, "2023-09": 0.7110642636208198, "2023-10": -2.934843220520744, "2023-11": 12.538888496075806, "2023-12": 5.382821151172923, "2024-01": -4.794127510526513, "2024-02": 0.9925480618698801, "2024-03": -0.7084172996434712, "2024-04": -1.703276973756107, "2024-05": -3.038340586385435, "2024-06": 1.4815967501515148, "2024-07": 3.022428111406139, "2024-08": 6.542788205433525, "2024-09": -3.079321196435403, "2024-10": -1.5954057170601499, "2024-11": -3.1184229799634533, "2024-12": -4.285100423337685, "2025-01": 4.86519292003027}, "CDI": {"2023-02": 0.9181412243290277, "2023-03": 1.174673194761211, "2023-04": 0.9181412243290277, "2023-05": 1.1233146856986398, "2023-06": 1.0719822473548524, "2023-07": 1.0719822473548524, "2023-08": 1.1374956476198017, "2023-09": 0.9729017544111374, "2023-10": 0.9975672238483169, "2023-11": 0.9159878255821985, "2023-12": 0.8945247967375058, "2024-01": 0.9666901743658141, "2024-02": 0.8002004357681836, "2024-03": 0.8316737660555074, "2024-04": 0.8874331113757794, "2024-05": 0.8324420253383646, "2024-06": 0.7883369678362895, "2024-07": 0.9071223424248709, "2024-08": 0.8675116705918473, "2024-09": 0.835157409379228, "2024-10": 0.9279575755079428, "2024-11": 0.7929903920274706, "2024-12": 0.93143107189948, "2025-01": 1.013201356414828}}}